"word1","word2","n"
"covid","19",217276
"19","pandemic",150996
"consumers","workers",100814
"families","consumers",100814
"property","tax",46608
"social","distancing",43873
"residential","building",37209
"bulk","items",37161
"symptoms","prevention",36021
"resources","services",27154
"services","rules",27060
"coronavirus","covid",25272
"insurance","claim",25264
"unemployment","insurance",25264
"camera","violation",23248
"closures","rules",23172
"distancing","guidance",23172
"essential","services",23172
"york","city",22918
"pickup","appointment",20729
"distancing","violation",20701
"bulk","item",20202
"item","pickup",20202
"items","schedule",20202
"reschedule","cancel",20202
"schedule","reschedule",20202
"noisy","neighbor",20147
"payment","dispute",19288
"hot","water",18044
"camera","violations",17305
"low","income",17002
"scheduled","appointment",16959
"service","day",16959
"air","conditioners",16949
"tax","bill",16066
"food","stamps",15942
"assistance","program",15938
"nutrition","assistance",15938
"program","snap",15938
"supplemental","nutrition",15938
"privately","owned",15769
"owned","residential",15651
"parking","ticket",15440
"garbage","recycling",13579
"appeal","status",13047
"report","noise",12762
"city","government",12567
"account","information",12524
"tax","bills",12524
"disputes","including",12326
"including","eviction",12326
"ongoing","disputes",12326
"government","processes",12312
"mayor","including",12312
"submit","opinions",12312
"request","filed",12067
"service","request",12067
"afford","delivery",11952
"food","delivery",11952
"birth","certificate",11883
"fair","fares",11487
"service","provided",11158
"contact","information",11154
"increase","exemption",11138
"rent","increase",11138
"recycling","organics",10738
"city","agencies",10472
"price","gouging",10218
"report","price",10218
"specific","person",10023
"homeless","shelter",9915
"public","assistance",9892
"location","information",9541
"office","location",9541
"social","security",9361
"parking","permit",9355
"free","air",9311
"eligible","low",9296
"income","seniors",9296
"people","age",9195
"public","school",8583
"care","physician",8577
"primary","care",8577
"job","center",8473
"vehicle","parked",8322
"assistance","welfare",8012
"center","locations",8012
"report","illegal",7944
"abandoned","vehicle",7920
"york","city's",7900
"license","plates",7887
"emergency","vehicle",7819
"parked","illegally",7819
"towed","vehicle",7700
"chlorofluorocarbon","gas",7653
"curbside","disposal",7653
"gas","including",7653
"including","refrigerators",7653
"tax","payment",7589
"building","construction",7567
"authority","mta",7454
"metropolitan","transportation",7454
"subway","run",7454
"transportation","authority",7454
"illegal","practices",7303
"report","unfair",7303
"physician","appointment",7263
"private","property",7137
"age","60",7111
"senior","citizen",6730
"health","insurance",6589
"report","trash",6576
"change","requests",6530
"parking","suspensions",6530
"renew","replace",6476
"violation","payment",6241
"trash","recycling",6221
"discount","metrocard",6046
"fares","discount",6046
"metrocard","program",6046
"specific","address",5953
"city","housing",5774
"housing","authority",5774
"citizen","rent",5569
"exemption","drie",5569
"exemption","scrie",5569
"essential","construction",5526
"emergency","assistance",5510
"property","taxes",5503
"short","term",5495
"term","emergency",5488
"system","including",5458
"disability","rent",5347
"police","service",5345
"psa","locations",5345
"tax","filing",5272
"air","conditioner",5270
"housing","preservation",5212
"treatment","referrals",5147
"crisis","services",5116
"free","confidential",5116
"shelter","intake",5059
"federal","taxes",5040
"tax","benefits",4893
"medical","condition",4879
"home","delivery",4788
"business","tax",4683
"child","care",4607
"mental","health",4601
"lost","stolen",4589
"fares","metrocard",4549
"stolen","damaged",4549
"report","water",4544
"benefit","apply",4519
"security","card",4519
"security","disability",4519
"ssi","benefit",4519
"substance","abuse",4493
"abuse","issues",4489
"including","crisis",4489
"issues","including",4489
"cash","assistance",4486
"development","hpd",4473
"commits","fraud",4412
"deceptive","practices",4412
"governor","andrew",4370
"police","department",4326
"city","jail",4319
"benefit","cards",4316
"card","balance",4316
"change","pin",4316
"medicaid","benefit",4316
"replace","lost",4316
"snap","cash",4316
"stolen","cards",4316
"including","threats",4289
"jail","system",4289
"collection","days",4245
"profit","address",4245
"homeless","person",4231
"york","police",4140
"vehicle","towed",4121
"personal","property",4069
"report","building",4043
"public","property",3991
"ownership","records",3985
"property","ownership",3985
"emergency","services",3983
"government","information",3983
"stop","shop",3983
"signs","stickers",3941
"noisy","unsafe",3936
"registrations","titles",3927
"titles","license",3927
"vehicle","registrations",3927
"rental","assistance",3902
"tax","exemption",3896
"promote","recycling",3892
"illegal","dumping",3869
"driver","licenses",3736
"road","test",3736
"homeowners","65",3711
"account","updates",3678
"appeals","transfers",3678
"drie","including",3678
"including","appeals",3678
"criminal","moving",3653
"moving","violations",3653
"vehicle","including",3620
"pay","parking",3585
"construction","including",3561
"including","jackhammer",3561
"jackhammer","noise",3561
"public","space",3549
"parking","tickets",3535
"related","services",3524
"tickets","camera",3524
"hpd","complaints",3508
"5","boroughs",3455
"city's","idnyc",3455
"identification","card",3455
"idnyc","municipal",3455
"municipal","identification",3455
"section","8",3392
"regulated","apartments",3367
"rent","regulated",3367
"free","legal",3338
"lawyer","referral",3259
"legal","services",3259
"referral","free",3259
"insurance","coverage",3235
"related","emergency",3219
"health","code",3180
"laws","health",3167
"life","laws",3167
"pay","dispute",3167
"ticket","issued",3167
"violating","quality",3167
"eligible","adults",3165
"free","health",3165
"engine","idling",3117
"honking","engine",3117
"horn","honking",3117
"including","horn",3117
"loud","music",3117
"tax","credit",3106
"income","tax",3029
"apartment","building",2996
"additional","assistance",2992
"authority","tenant",2992
"star","property",2978
"financial","assistance",2970
"request","correct",2934
"public","hospitals",2864
"postal","service",2853
"service","products",2853
"organics","collection",2841
"filing","options",2835
"free","tax",2835
"sick","animal",2829
"employer","violating",2817
"leave","law",2817
"paid","safe",2817
"sick","leave",2817
"application","status",2778
"sewer","bills",2774
"authority","apartment",2757
"branch","cracked",2757
"cracked","branches",2757
"fallen","tree",2757
"poor","condition",2757
"law","report",2720
"rats","mice",2697
"holidays","key",2691
"key","dates",2691
"school","holidays",2691
"unplanned","closures",2691
"schedule","cancel",2672
"carryout","bags",2667
"paper","bags",2667
"plastic","carryout",2667
"box","spring",2648
"age","62",2644
"6","foot",2629
"foot","distance",2629
"8","program",2617
"report","rats",2593
"home","care",2564
"birds","request",2542
"dead","animal",2542
"dead","birds",2542
"dead","deer",2542
"residential","private",2542
"unusual","cluster",2542
"health","related",2534
"doe","chancellor",2530
"doe","public",2530
"doe","staff",2530
"education","doe",2530
"school","teachers",2530
"teachers","principals",2530
"water","leaking",2385
"school","students",2369
"stabilized","apartments",2351
"features","activities",2338
"national","parks",2338
"specific","location",2317
"parking","regulations",2305
"apartment","public",2297
"illness","caused",2274
"water","pressure",2268
"water","water",2268
"landlord","harasses",2238
"crime","victim",2224
"dhe","star",2224
"homeowner","exemptions",2224
"sche","dhe",2224
"star","veterans",2224
"veterans","clergy",2224
"victim","homeowner",2224
"drinking","water",2179
"bathtub","drain",2155
"heavy","rainfall",2155
"sewage","coming",2155
"sink","drain",2155
"toilet","sink",2155
"pay","taxes",2151
"taxes","collected",2151
"water","quality",2136
"account","issues",2130
"filed","business",2130
"filing","payment",2130
"tax","return",2130
"2020","census",2124
"request","schedule",2116
"building","water",2056
"water","tank",2056
"odor","taste",2055
"tank","inspections",2055
"taste","discolor",2055
"water","learn",2055
"water","odor",2055
"court","including",2045
"family","court",2045
"including","locations",2045
"city","street",2040
"criminal","activity",2018
"building","occupancy",2002
"illegal","building",2002
"past","conversion",2002
"sexual","harassment",2000
"cat","calling",1982
"domestic","violence",1982
"harassment","cat",1982
"harassment","including",1982
"including","sexual",1982
"services","including",1966
"actionnyc","immigration",1965
"applications","resources",1965
"citizenship","applications",1965
"immigration","legal",1965
"including","actionnyc",1965
"report","discrimination",1893
"employment","housing",1880
"housing","public",1880
"public","accommodations",1880
"bakery","food",1824
"cafeteria","bakery",1824
"cart","stand",1824
"deli","grocery",1824
"food","cart",1824
"grocery","market",1824
"market","cafeteria",1824
"restaurant","deli",1824
"stand","truck",1824
"unsanitary","restaurant",1824
"senior","center",1821
"nyc","marshal",1817
"marriage","license",1805
"illegal","drug",1780
"u.s","2020",1775
"affordable","apartment",1767
"housing","plan",1767
"housing","study",1767
"property","owners",1692
"permit","inspection",1673
"pre","permit",1673
"support","hotline",1671
"power","outage",1670
"nycha","section",1659
"basement","learn",1656
"prevent","leaks",1656
"missing","person",1649
"ages","60",1640
"yorkers","ages",1640
"repeatedly","occupies",1639
"elected","officials",1635
"federal","elected",1633
"air","quality",1632
"recorded","information",1628
"rent","controlled",1628
"walk","signal",1622
"public","housing",1617
"eviction","notice",1580
"homebase","program",1580
"check","application",1575
"nycha","public",1575
"status","learn",1575
"earlylearn","nyc",1543
"report","stolen",1509
"stolen","property",1509
"memorial","day",1501
"fire","hydrant",1495
"advertising","sign",1493
"atm","advertising",1493
"fruit","stand",1493
"merchandise","tree",1493
"restaurant","fruit",1493
"sign","merchandise",1493
"stand","atm",1493
"street","blocked",1493
"tree","vendor",1493
"vendor","dumpster",1493
"entering","someone's",1491
"report","trespassing",1491
"someone's","property",1491
"current","time",1489
"today's","date",1489
"proper","disposal",1471
"water","main",1466
"police","custody",1448
"found","guilty",1442
"hearing","decision",1442
"violation","hearing",1442
"city","tree",1438
"tax","class",1431
"nursing","home",1418
"report","abuse",1407
"recycling","collection",1404
"homeless","people",1391
"orthodontic","services",1390
"homeowners","exemption",1387
"enrollment","center",1373
"health","hazards",1373
"idnyc","issues",1373
"issues","status",1373
"mobile","enrollment",1373
"police","officer",1372
"sidewalk","violation",1365
"violation","request",1365
"report","worker",1342
"worker","health",1342
"worker","safety",1342
"civil","service",1335
"authority","discourtesy",1326
"force","abuse",1326
"nypd","criminal",1326
"offensive","language",1326
"officer","report",1326
"report","nypd",1326
"report","unnecessary",1326
"18","inches",1310
"gutter","including",1310
"including","18",1310
"dangerous","condition",1303
"request","pruning",1302
"tree","pruning",1302
"exams","including",1298
"fees","change",1298
"including","results",1298
"personal","information",1298
"results","schedules",1298
"schedules","fees",1298
"service","exams",1298
"business","employ",1273
"employ","capital",1273
"lease","property",1273
"meter","information",1247
"start","stop",1247
"child","abuse",1241
"abandoned","animal",1232
"kidnapped","check",1221
"missing","abducted",1221
"care","program",1208
"apartment","defective",1207
"electrical","equipment",1207
"exposed","wiring",1207
"faulty","outdoor",1207
"outdoor","electrical",1207
"nyc","child",1203
"identify","theft",1201
"report","identify",1201
"wild","animals",1198
"report","wild",1197
"wildlife","including",1197
"parking","meter",1194
"property","damage",1194
"cable","tv",1193
"internet","provider",1193
"tv","phone",1193
"driver","photo",1192
"id","card",1192
"photo","id",1192
"curbside","tree",1176
"citizen","homeowners",1161
"city","agency",1147
"batteries","oil",1121
"oil","paint",1121
"special","waste",1121
"transportation","options",1114
"building","owner",1101
"city","contractor",1100
"code","noise",1095
"current","noise",1095
"noise","code",1095
"noise","reduction",1095
"noise","safety",1095
"reduction","projects",1095
"bed","bugs",1087
"contractor","including",1087
"including","damage",1087
"personal","injury",1087
"report","personal",1087
"branches","shrubs",1084
"lumber","tree",1084
"tree","branches",1084
"human","resources",1077
"resources","administration",1077
"class","exemptions",1073
"property's","values",1073
"values","tax",1073
"verizon","telephone",1064
"bail","mailing",1059
"charges","court",1059
"court","date",1059
"date","bail",1059
"inmate's","location",1059
"location","id",1059
"mailing","address",1059
"release","date",1059
"assistance","recipients",1056
"private","individuals",1046
"online","tool",1044
"lien","sale",1039
"funeral","expenses",1034
"request","financial",1034
"airports","airtrain",1027
"ground","transportation",1027
"kennedy","laguardia",1027
"newark","airports",1027
"building","smoking",1015
"smoking","policy",1015
"condo","units",1014
"reduce","property",1014
"public","health",1010
"boiler","repairs",1008
"city","employees",1008
"heap","paying",1008
"heat","utilities",1008
"income","households",1008
"cigarette","vending",1001
"owner","failing",1001
"report","smoking",1001
"unattended","cigarette",1001
"vending","machine",1001
"hpd","section",1000
"traffic","condition",997
"travel","conditions",997
"york","metro",997
"food","establishments",996
"food","protection",996
"protection","courses",996
"counseling","support",992
"report","domestic",992
"violations","issued",976
"public","library",973
"choice","voucher",965
"hcv","program",965
"housing","choice",965
"tax","liens",965
"taxes","water",965
"unpaid","property",965
"voucher","hcv",965
"defer","property",958
"experiencing","hardship",958
"homeowners","experiencing",958
"car","service",955
"catch","basin",953
"real","property",951
"adults","children",950
"children","seniors",950
"insurance","programs",950
"household","garbage",940
"limousine","ambulette",940
"highway","bridge",939
"eatery","schedule",937
"eligibility","obligations",934
"item","lost",934
"obligations","payments",934
"payments","enforcement",934
"correction","custody",932
"medical","attention",932
"locations","hours",925
"age","18",920
"housing","options",910
"fares","nyc",892
"including","medical",892
"medical","concerns",892
"nyc","program",892
"shelter","system",892
"city","parking",876
"agency","record",874
"foil","request",874
"information","law",874
"law","foil",874
"dumpster","garbage",871
"sanitation","vehicle",870
"appeals","bail",864
"bail","summonses",864
"city","sidewalks",864
"criminal","courts",864
"free","repair",864
"hours","arrests",864
"qualifying","city",864
"roots","request",864
"severely","damaged",864
"sidewalk","tree",864
"status","appeals",864
"tree","consultation",864
"tree","roots",864
"violence","services",864
"physical","disabilities",861
"food","spoiled",835
"adult","age",830
"adult","protective",830
"protective","services",830
"prepay","tolls",826
"city","park",818
"resources","referrals",813
"recycling","stored",799
"bridge","condition",795
"bridge","maintenance",795
"request","bridge",795
"green","taxi",788
"main","shutdowns",788
"scheduled","water",788
"water","disruptions",788
"expense","statement",785
"including","utilities",785
"income","producing",785
"producing","properties",785
"properties","including",785
"property","income",785
"idnyc","card",784
"dead","tree",777
"standing","dead",777
"untidy","yard",766
"yard","alley",766
"online","business",758
"online","service",758
"illegal","drugs",748
"fire","department",745
"unpaid","parking",744
"corrections","facility",743
"pay","property",743
"person's","trash",743
"placing","trash",743
"tax","debt",743
"street","sign",739
"recreation","center",737
"round","schedule",736
"sell","food",736
"age","65",733
"seniors","age",733
"disabilities","living",723
"rent","increases",723
"rent","stabilized",723
"cell","phone",711
"judgment","debt",708
"enrollment","coverage",707
"insurance","program",707
"day","care",699
"gas","service",696
"reconnect","gas",696
"medicare","recipients",691
"recipients","seniors",691
"fire","hazard",690
"potential","fire",690
"guard","dog",688
"loss","theft",688
"report","loss",688
"gas","related",685
"paratransit","transportation",684
"dog","license",683
"request","register",683
"normal","process",676
"main","break",674
"card","information",673
"damaged","card",673
"updating","idnyc",673
"photograph","vehicles",669
"consumer","affairs",667
"marriage","record",665
"report","broken",665
"agency","charges",662
"charges","fees",662
"lost","property",658
"police","report",658
"social","services",655
"owned","businesses",651
"annual","registration",648
"commercial","spaces",648
"floor","commercial",648
"ground","floor",648
"women","owned",646
"rent","freeze",645
"broken","equipment",643
"equipment","unclean",643
"park","pool",643
"pool","recreation",643
"unclean","conditions",643
"abandoned","building",641
"business","owners",641
"report","mold",641
"school","zones",638
"vehicles","speeding",638
"criminal","mischief",636
"damaged","property",636
"mischief","vandalism",636
"report","criminal",636
"report","barbecuing",629
"residential","barbecuing",629
"alcohol","addiction",627
"alcohol","rehab",627
"drug","alcohol",627
"facility","complaint",627
"rehab","facility",627
"speed","camera",627
"report","garbage",626
"violation","judgment",626
"licensed","professional",624
"court","document",622
"damaged","sidewalk",622
"dumpster","trash",622
"mobile","app",621
"red","light",619
"8","assistance",616
"receiving","section",616
"disorderly","person",615
"street","construction",615
"active","street",613
"car","accident",613
"repair","permit",613
"sidewalk","repair",613
"black","car",612
"blocked","defective",612
"clogged","blocked",612
"curb","piece",612
"senior","age",612
"block","lot",608
"borough","block",608
"lot","bbl",608
"bus","lane",606
"camera","notice",606
"lane","red",606
"liability","nol",606
"owners","entrepreneurs",603
"cable","service",598
"street","parking",598
"telephone","internet",598
"found","property",583
"report","lost",583
"biking","lane",574
"loose","debris",574
"metered","parking",574
"employee's","behavior",573
"sanitation","employee's",573
"business","certificates",571
"certificates","divorce",571
"court","notary",571
"divorce","court",571
"document","maintenance",571
"freeze","issue",571
"notary","verification",571
"supreme","court",571
"protection","issued",569
"account","system",567
"nyc","schools",567
"schools","account",567
"building","exterior",563
"business","license",563
"cracked","building",563
"leaning","unstable",563
"shaking","vibrating",563
"vibrating","leaning",563
"dispute","resolution",562
"phone","offers",560
"safelink","wireless",560
"foreign","passports",557
"passports","visas",557
"bugs","fleas",556
"car","limousine",556
"commuter","van",556
"federal","jury",556
"fleas","flies",556
"jury","duty",556
"mice","bed",556
"report","mice",556
"staten","island",556
"taxi","black",556
"residential","units",555
"domestic","partnership",553
"electric","service",551
"reconnect","electric",551
"bank","credit",546
"credit","union",546
"deposit","company",546
"lending","institution",546
"safe","deposit",546
"union","lending",546
"care","professionals",541
"assistance","clients",539
"animal","waste",533
"report","dog",533
"street","sidewalk",533
"domestic","animals",531
"household","trash",531
"facility","schedule",527
"inmate","property",527
"personal","items",527
"property","pickup",527
"city's","public",519
"including","owners",514
"kindergarten","enrollment",514
"licensees","including",514
"owners","taxi",514
"pre","kindergarten",514
"service","drivers",514
"taxi","drivers",514
"taxi","licensees",514
"report","telemarketing",511
"telemarketing","fraud",511
"manhole","cover",509
"taxi","driver",508
"care","providers",507
"health","care",506
"care","services",505
"driving","refusing",503
"including","rudeness",503
"maintenance","issues",503
"request","maintenance",503
"route","complaints",503
"rudeness","unsafe",503
"unsafe","driving",503
"hot","meals",493
"meals","clothing",493
"people","living",493
"income","families",492
"individual","adults",492
"boroughs","report",491
"newly","planted",491
"planted","tree",491
"report","bed",491
"compliance","filings",485
"filings","inspection",485
"inspection","requests",485
"job","filings",485
"license","applications",485
"renewals","online",485
"requests","compliance",485
"submitting","job",485
"handles","disputes",484
"engine","running",481
"sales","tax",481
"air","complaint",480
"citizen's","air",480
"minutes","learn",480
"access","highway",479
"disabled","vehicle",479
"limited","access",479
"street","limited",479
"island","ferry",475
"damaged","noisy",474
"raised","damaged",474
"sunken","raised",474
"damaged","painted",473
"illegally","cut",473
"garbage","truck",466
"telephone","pole",466
"benefits","pension",464
"health","benefits",464
"human","resource",464
"pension","funds",464
"resource","issues",464
"construction","demolition",463
"demolition","renovation",463
"report","dust",463
"roadwork","construction",463
"sewer","bill",461
"accessing","city",460
"city","programs",460
"services","report",460
"street","highway",460
"tunnel","closures",460
"school","program",459
"health","services",458
"center","offering",457
"offering","support",457
"care","assistance",455
"rabies","dead",455
"carbon","monoxide",454
"veterans","property",449
"report","graffiti",442
"city","residency",441
"prove","identity",441
"required","documents",441
"public","schools",438
"chronic","littering",436
"electric","company",436
"gas","heat",436
"phone","gas",436
"healthy","food",432
"low","cost",432
"children's","services",431
"chemical","odors",430
"report","chemical",430
"stored","safely",430
"19","check",428
"missing","due",428
"pregnant","women",428
"profit","organization",426
"city's","clerk",423
"clerk","office",423
"tax","ubt",423
"unincorporated","business",423
"condo","apartment",419
"divorce","judgment",417
"career","center",416
"workforce1","career",416
"eligible","pregnant",415
"women","mothers",415
"clinic","offering",409
"employment","programs",409
"alerts","air",408
"fire","neighborhood",408
"indoor","air",408
"neighborhood","air",408
"quality","alerts",408
"quality","complaint",408
"quality","survey",408
"survey","devices",408
"including","visitor",407
"inmate","including",407
"rikers","visit",407
"rules","visiting",407
"schedule","travel",407
"travel","directions",407
"visit","bus",407
"visiting","schedule",407
"visitor","rules",407
"bar","club",403
"96th","street",396
"commercial","rent",396
"crt","paid",396
"manhattan","south",396
"rent","payments",396
"rent","tax",396
"tax","crt",396
"business","opportunities",395
"phone","service",395
"service","billing",395
"city","including",394
"contracts","programs",394
"including","contracts",394
"nyc","public",394
"programs","payments",394
"affairs","dca",392
"street","vendor",392
"agency","commissioners",390
"commissioners","deputy",390
"contact","agency",390
"deputy","mayors",390
"mayor's","senior",390
"senior","staff",390
"management","agency",388
"stray","bag",388
"commercial","location",387
"service","company",387
"improve","residential",385
"ambulette","black",384
"black","cab",384
"grass","clippings",383
"leaves","grass",383
"community","boards",382
"care","provider",379
"technical","assistance",376
"financial","advice",372
"professional","financial",372
"refund","law",372
"related","issues",367
"entitlement","counseling",365
"repair","install",361
"age","3",359
"developmental","delays",359
"intervention","services",359
"exemption","listed",358
"divorce","proceedings",357
"enrollment","assistance",349
"insurance","plan",349
"person","enrollment",349
"residential","property",348
"car","home",345
"credit","debt",345
"health","car",345
"home","life",345
"insurance","company",345
"money","management",345
"property","insurance",345
"report","improper",345
"care","programs",340
"city","funded",340
"funded","child",340
"including","earlylearn",340
"licensed","child",340
"programs","including",340
"free","public",338
"public","wi",338
"volunteer","opportunities",338
"wi","fi",338
"building","exits",337
"fire","escapes",337
"inadequate","building",337
"registration","status",337
"report","blocked",337
"cost","immunization",336
"donate","blood",336
"health","tuberculosis",336
"immunization","sexual",336
"offering","free",336
"sexual","health",336
"vacant","lot",336
"safety","rules",334
"school","enrollment",334
"waste","disposal",331
"conditioner","ventilation",325
"exhaust","device",325
"traffic","rules",325
"ventilation","equipment",325
"drag","racing",324
"public","meetings",324
"report","drag",324
"exhibitions","public",323
"festivals","exhibitions",323
"parades","festivals",323
"report","social",323
"security","fraud",323
"information","report",322
"parole","information",322
"parole","officer",322
"parole","violation",322
"animal","causing",319
"care","facility",319
"enforcement","report",319
"facility","child",319
"fire","ambulance",319
"hazardous","condition",319
"commercial","waste",317
"disposal","company",317
"denial","removal",314
"exchange","refund",314
"smell","coming",314
"add","prune",312
"care","center",312
"owner's","expense",312
"property","owner's",312
"prune","decorate",312
"center","licensing",310
"including","free",310
"licensing","operation",310
"hazardous","occupations",309
"free","classes",308
"report","drinking",306
"social","club",306
"unlicensed","establishment",306
"school","district",303
"comparing","plan",301
"medicare","medicaid",301
"plan","choices",301
"understanding","medicare",301
"diploma","including",299
"ged","exam",299
"tasc","diploma",299
"city","planning",298
"animal","care",296
"care","centers",296
"fraud","involving",293
"income","sales",293
"involving","sales",293
"payroll","cigarette",293
"personal","income",293
"report","tax",293
"sales","payroll",293
"tax","evasion",293
"city","services",291
"professional","misconduct",290
"report","professional",290
"report","welfare",290
"welfare","fraud",290
"commercial","building",289
"dangerous","driving",287
"report","reckless",287
"charter","schools",285
"poison","related",280
"accident","report",278
"financial","aid",278
"inadequate","street",278
"report","missed",278
"street","cleaning",278
"vehicle","accident",278
"academic","programs",277
"campus","locations",277
"including","campus",277
"locations","academic",277
"public","university",277
"university","system",277
"medical","care",270
"construction","site",265
"report","damage",263
"street","caused",263
"supportive","housing",263
"based","violence",262
"domestic","intimate",262
"elder","abuse",262
"gender","based",262
"intimate","partner",262
"sex","trafficking",262
"stop","center",262
"violence","elder",262
"exhaust","system",260
"illegal","installed",260
"inadequate","ventilation",260
"installed","improperly",260
"report","inadequate",260
"ventilation","inside",260
"sewage","leak",258
"including","syep",257
"people","including",257
"fire","safety",256
"site","safety",256
"neutering","services",254
"spay","neutering",254
"rules","regulations",251
"training","requirements",251
"residential","buildings",249
"stolen","vehicle",248
"health","department",247
"sidewalk","shed",246
"business","selling",244
"mentally","ill",242
"rent","security",242
"security","deposit",242
"money","owed",241
"recovering","money",241
"authority","bus",239
"bus","station",239
"bus","terminal",239
"george","washington",239
"port","authority",239
"washington","bus",239
"school","student",238
"died","adoptions",237
"handles","wills",237
"hanging","scaffold",237
"pipe","scaffold",237
"scaffold","suspended",237
"traffic","sign",237
"wills","estates",237
"elected","official",234
"investigates","complaints",234
"payroll","information",234
"height","limit",233
"limit","missing",233
"adult","home",232
"assisted","living",232
"living","facility",232
"con","edison",231
"edison","worksites",231
"foster","care",231
"submit","questions",231
"accessible","taxi",228
"wheelchair","accessible",228
"detector","requirements",227
"monoxide","detector",227
"monoxide","emission",227
"poisoning","learn",227
"report","carbon",227
"disabled","homeowners",226
"motor","vehicle",225
"city's","assessment",222
"department","online",222
"disabled","rent",222
"drie","programs",222
"litter","basket",222
"online","licenses",222
"property's","market",222
"report","smoke",222
"water","meter",222
"unknown","source",221
"dca","online",220
"online","services",220
"report","illness",219
"anti","skid",218
"missing","anti",218
"noisy","missing",218
"shifted","noisy",218
"skid","material",218
"steel","street",218
"street","plate",218
"building","constructed",217
"letter","dob",217
"city's","traffic",216
"kindergarten","program",214
"public","litter",214
"replacement","public",214
"school","kindergarten",214
"parking","lot",213
"report","missing",213
"cover","future",211
"future","costs",211
"repair","service",211
"service","lines",211
"service","requests",210
"bike","membership",207
"citi","bike",207
"equipment","maintenance",207
"broken","leaking",204
"frozen","missing",204
"leaking","frozen",204
"construction","project",202
"garbage","disposal",202
"improper","garbage",202
"tattoo","artist",201
"lead","paint",198
"service","laundromat",198
"washes","clothes",198
"report","street",197
"street","flooding",197
"inspection","procedures",195
"restaurant","inspection",195
"building's","janitor",194
"residential","building's",194
"mosquito","season",191
"standing","water",191
"tow","truck",187
"breaking","park",186
"city","commercial",186
"commercial","motor",186
"park","rules",186
"stray","trash",186
"tax","cmvt",186
"trash","bag",186
"vehicle","tax",186
"illegally","removed",185
"report","asbestos",185
"unsanitary","conditions",185
"adult","learners",183
"continuing","education",183
"education","courses",183
"esl","vocational",183
"exam","preparation",183
"including","ged",183
"learners","including",183
"preparation","esl",183
"tasc","exam",183
"vocational","training",183
"home","improvement",182
"specific","department",182
"2","family",181
"family","home",181
"census","employment",180
"employment","opportunities",180
"person","defecating",180
"bike","chained",179
"chained","bike",179
"quit","smoking",179
"unusable","chained",179
"properly","secured",178
"student","records",176
"autopsy","report",175
"city","beach",175
"including","syringes",175
"legal","family",175
"medical","waste",175
"waste","including",175
"food","certificate",174
"replacement","request",174
"request","status",174
"1910","death",172
"birth","certificates",172
"dca","violation",172
"death","certificates",172
"marriage","records",172
"request","birth",172
"traveling","abroad",172
"card","company",171
"credit","card",171
"employment","activities",170
"request","student",170
"required","employment",170
"accurate","count",169
"nyc","initiative",169
"report","waste",169
"waste","leaking",169
"conditions","caused",168
"report","unsanitary",168
"food","carts",167
"public","trash",167
"construction","projects",166
"hump","installation",166
"installation","repair",166
"property","transfer",166
"request","speed",166
"speed","bump",166
"transfer","tax",166
"vacant","building",166
"activity","assault",165
"city","employee",165
"illegal","activity",165
"suspected","wrongdoing",165
"building","floor",164
"floor","plans",164
"30","days",163
"private","schools",163
"vacation","rentals",163
"benefit","programs",162
"linknyc","kiosk",162
"nyc","ferry",162
"dust","due",161
"lead","dust",161
"paint","peeling",161
"peeling","paint",161
"report","lead",161
"arrest","warrant",160
"city","police",160
"warrant","issued",160
"ferry","including",159
"including","routes",159
"lost","item",159
"routes","fares",159
"adoption","check",158
"adoption","subsidy",158
"care","request",158
"request","assistance",158
"subsidy","payments",158
"water","meters",158
"mta","transit",157
"school","zone",157
"student's","school",157
"transit","ticket",157
"window","guards",157
"zone","based",157
"requests","submitted",156
"manhattan","residents",155
"parking","spaces",155
"term","parking",155
"ecb","violations",154
"friends","caring",154
"homeless","adult",154
"legal","counseling",154
"person","60",154
"person","selling",154
"seniors","caring",154
"submit","proof",154
"home","repair",153
"lawyer","including",153
"retrieve","items",153
"sidewalk","gratings",153
"unlicensed","lawyer",153
"car","repair",152
"homeowner","concerned",152
"illegal","animal",152
"request","housing",152
"charitable","educational",150
"cream","truck",150
"criminal","fingerprints",150
"educational","medical",150
"elementary","school",150
"ice","cream",150
"nyc","teen",150
"religious","purposes",150
"renew","property",150
"report","music",150
"tobacco","products",150
"businesses","including",149
"care","payments",149
"connect","walk",149
"families","includes",149
"includes","youth",149
"including","maps",149
"people","troubled",149
"planning","publications",149
"publications","including",149
"rubber","tires",149
"teen","website",149
"troubled","youth",149
"truck","driver",149
"youth","connect",149
"care","record",148
"health","speaker",148
"classroom","learning",147
"educational","program",147
"learning","tutoring",147
"specific","educational",147
"brokers","including",145
"illegal","change",145
"including","registration",145
"legal","certificate",145
"registration","information",145
"administrative","code",144
"annual","city",144
"city","charter",144
"city","event",144
"closure","policy",144
"identity","theft",144
"illegal","fireworks",144
"individuals","prevent",144
"prevent","identity",144
"school","closure",144
"shred","fest",144
"electricity","service",143
"heat","water",143
"water","gas",143
"amr","devices",142
"automated","meter",142
"meter","reading",142
"reading","amr",142
"city","trees",138
"destroying","city",138
"baby","syndrome",137
"foreign","country",137
"including","information",137
"parents","including",137
"preventing","shaken",137
"public","sidewalk",137
"shaken","baby",137
"street","fair",137
"syndrome","child",137
"city","clerk's",136
"clerk's","online",136
"online","applications",136
"property","drainpipe",136
"land","data",135
"vacant","land",135
"perform","construction",134
"additional","language",133
"funeral","director",133
"interpretation","services",133
"language","services",133
"provide","translation",133
"hygiene","publication",132
"irs","employee",132
"mental","hygiene",132
"publication","check",132
"supreme","courts",132
"vehicle","stored",132
"immunization","records",131
"direct","people",130
"medical","appointments",129
"admissions","process",128
"document","issued",128
"middle","school",128
"nycha","fees",128
"parking","appliances",128
"york","certified",128
"bus","stop",127
"garbage","alongside",126
"litter","debris",126
"report","litter",126
"undocumented","immigrants",126
"construction","material",125
"store","construction",125
"recently","released",124
"building","past",122
"construction","jobs",122
"current","construction",122
"license","status",122
"report","people",122
"skilled","trade",122
"trade","license",122
"aids","hospital",121
"devices","including",121
"donate","buy",121
"hearing","aids",121
"hospital","beds",121
"including","wheelchairs",121
"island","rail",121
"medical","devices",121
"rail","road",121
"road","lirr",121
"sell","medical",121
"wheelchairs","hearing",121
"educational","support",120
"reduce","reuse",119
"report","standing",119
"stump","removals",119
"tree","stump",119
"water","outdoors",119
"firearms","permit",118
"illegal","gambling",118
"ventilation","system",118
"8","clients",117
"install","radiation",117
"radiation","equipment",117
"criminal","history",116
"department","request",116
"education","speaker",116
"including","businesses",116
"internet","access",116
"safety","education",116
"city","supported",115
"emergency","relief",115
"improper","trash",115
"supported","emergency",115
"trash","disposal",115
"carts","report",114
"food","trucks",114
"incorrect","letter",114
"letter","grade",114
"letter","grading",114
"missing","fake",114
"occupancy","residential",114
"residential","facility",114
"restaurants","food",114
"lead","exposure",113
"reduce","lead",113
"released","inmates",113
"rent","assistance",113
"support","services",113
"test","drinking",113
"violence","shelter",113
"attorney","records",112
"businesses","schools",112
"credit","bureaus",112
"credit","report",112
"criminal","court",112
"district","attorney",112
"educational","events",112
"emergency","plan",112
"emergency","preparedness",112
"free","credit",112
"history","searches",112
"including","tips",112
"past","criminal",112
"preparedness","including",112
"religious","school",112
"request","past",112
"schools","students",112
"tips","educational",112
"camps","day",111
"camps","report",111
"day","camps",111
"daylight","saving",111
"overnight","camps",111
"saving","time",111
"summer","camps",111
"city","fire",110
"fire","code",110
"building","owners",109
"care","workers",109
"low","vision",109
"nyc","department",109
"paid","care",109
"transportation","traffic",109
"truck","routes",109
"ambulance","bill",108
"department","emergency",108
"emergency","medical",108
"employer","identification",108
"federal","employer",108
"medical","services",108
"recycling","rules",108
"services","ems",108
"city","sanitation",107
"damage","involving",107
"employment","verification",107
"free","home",107
"government","employees",107
"income","senior",107
"missing","faded",107
"moderate","income",107
"obscured","traffic",107
"required","exams",107
"snow","plow",107
"traffic","lines",107
"truck","snow",107
"current","home",106
"fishing","license",106
"home","tbra",106
"missing","window",106
"refuses","installation",106
"school","meals",106
"tbra","tenants",106
"tenants","participants",106
"affordable","housing",105
"business","certificate",105
"health","spa",105
"housing","applications",105
"report","dense",105
"spa","membership",105
"violation","issue",105
"visible","smoke",105
"control","training",104
"controlling","rats",104
"free","food",104
"pest","control",104
"qualifying","people",104
"adult","vaccinations",103
"swimming","pool",103
"paternity","form",102
"city","marshal",101
"city","owned",100
"farmers","market",99
"nycha","rent",99
"owned","garage",99
"biking","riding",98
"business","garbage",98
"liquor","license",98
"motorized","scooters",98
"people","biking",98
"potter's","field",98
"public","cemetery",98
"riding","motorized",98
"scooters","rollerblading",98
"service","dogs",98
"attendance","requirements",97
"deed","fraud",97
"employees","report",97
"report","deed",97
"sewer","charge",97
"student","attendance",97
"metro","north",95
"north","railroad",95
"travel","agency",95
"animal","odor",94
"environmental","protection",94
"housing","online",94
"online","resources",94
"report","animal",94
"cleaning","rules",93
"commercial","enforcement",93
"enforcement","routing",93
"jersey","transit",93
"loan","company",93
"property","request",93
"routing","sticker",93
"sidewalk","cleaning",93
"train","system",93
"transit","bus",93
"fire","alarm",92
"gas","piping",92
"illegal","defective",92
"improper","illegal",92
"request","installation",92
"school","bus",92
"unpermitted","gas",92
"accept","complaints",91
"cooking","odor",91
"legal","papers",91
"propane","tank",91
"serving","legal",91
"trauma","scene",91
"deceptive","advertising",90
"hubei","province",90
"including","fares",90
"papers","required",90
"province","china",90
"recent","travel",90
"report","misleading",90
"tax","credits",90
"taxis","including",90
"communicable","disease",89
"flu","shot",89
"home","instruction",89
"school","renovation",89
"student","qualifies",89
"business","operating",88
"census","bureau",88
"census","data",88
"federal","health",88
"human","service",88
"notice","telling",88
"repair","water",88
"service","benefit",88
"telling","property",88
"water","pipes",88
"commercial","lease",87
"deferred","repayment",87
"free","deferred",87
"lease","related",87
"marriage","ceremonies",87
"perform","marriage",87
"program","providing",87
"repayment","loans",87
"audio","video",86
"computer","equipment",86
"report","panhandling",86
"video","photo",86
"cement","oil",85
"gasoline","cement",85
"grease","gasoline",85
"improvement","contracts",85
"negotiate","home",85
"oil","sewage",85
"report","grease",85
"senior","transportation",85
"sewage","chemicals",85
"solicit","negotiate",85
"transportation","provider",85
"highways","road",84
"overgrown","grass",84
"prescription","drugs",84
"report","overgrown",84
"road","medians",84
"traffic","islands",84
"amtrak","trains",83
"hate","crime",83
"hate","crimes",83
"improvement","contractor",83
"loose","syringes",83
"past","hate",83
"public","swimming",83
"report","loose",83
"travel","information",83
"camera","judgment",82
"clinic","run",82
"garbage","collection",82
"hot","tub",82
"pool","sauna",82
"sauna","hot",82
"spray","ground",82
"tub","steam",82
"vehicle's","registration",82
"building","sign",81
"care","equipment",81
"lawn","care",81
"maintenance","water",81
"safety","equipment",81
"urban","development",81
"eligible","department",80
"fund","account",80
"homeless","services",80
"linc","renewal",80
"mattress","store",80
"participant","issues",80
"recycling","bins",80
"serve","food",80
"services","clients",80
"waterway","ferry",80
"york","waterway",80
"commercial","property",79
"debris","container",79
"matches","people",79
"puerto","rico",79
"storage","unit",79
"water","service",79
"lama","building",78
"lien","sales",78
"mitchell","lama",78
"offering","tax",78
"person","offering",78
"preparation","services",78
"sewer","debt",78
"tax","exemptions",78
"tax","preparation",78
"aging","speaker",77
"bike","rack",77
"institutional","address",77
"landlord","fraud",77
"recycling","services",77
"report","tenant",77
"correct","wages",76
"recover","money",76
"credit","funding",75
"credits","training",75
"deposit","money",75
"funding","office",75
"inmate","fund",75
"office","space",75
"profit","organizations",75
"registration","system",75
"reproductive","health",75
"space","tax",75
"spray","paint",75
"breaking","recycling",74
"child","safety",74
"exemptions","abatements",74
"homeowners","including",74
"housing","quality",74
"including","eligibility",74
"quality","inspections",74
"renew","rent",74
"100","employees",73
"care","agency",73
"loan","guarantees",73
"offering","sexual",73
"rain","gardens",73
"building","demolition",72
"change","requirements",72
"commercial","vehicle",72
"electronic","cigarettes",72
"food","waste",72
"illegal","unsafe",72
"preventing","mosquitoes",72
"public","facility",72
"restaurant","public",72
"safety","inspection",72
"schedule","change",72
"spraying","schedules",72
"temporary","schedule",72
"water","report",72
"commission","tlc",71
"conducted","business",71
"damaged","sunken",71
"information","yellowcabnyc.com",71
"limousine","commission",71
"official","website",71
"stop","shelter",71
"taxi","information",71
"tlc","website",71
"alterations","require",70
"assistance","programs",70
"coverage","financial",70
"gas","station",70
"require","permits",70
"bail","refund",69
"based","food",69
"burning","garbage",69
"business","trash",69
"cash","bail",69
"classes","learn",69
"compost","related",69
"facility","apartment",69
"food","scrap",69
"illegal","incinerator",69
"neighborhood","based",69
"oil","spill",69
"owned","property",69
"private","home",69
"refund","information",69
"related","workshops",69
"report","burning",69
"scrap","drop",69
"sexual","assault",69
"city","homeowner",68
"debt","collection",68
"elementary","middle",68
"family","homes",68
"including","cigarettes",68
"legal","assistance",68
"products","including",68
"sell","tobacco",68
"student","report",68
"adolescent","children",67
"helps","resolve",67
"infections","stis",67
"information","testing",67
"public","benefits",67
"report","prostitution",67
"resolve","conflict",67
"retail","liquor",67
"sexually","transmitted",67
"transmitted","infections",67
"bag","recycling",66
"billing","issue",66
"hazardous","materials",66
"hotel","motel",66
"notary","public",66
"plastic","bag",66
"protection","speaker",66
"recycling","law",66
"sells","audio",66
"state's","plastic",66
"window","air",66
"york","state's",66
"request","streetlight",65
"streetlight","installation",65
"anti","bullying",64
"avoiding","cigarette",64
"bullying","assistance",64
"business","avoiding",64
"cigarette","taxes",64
"dental","insurance",64
"illegal","sale",64
"intervention","program",64
"property","damaged",64
"report","misconduct",64
"report","school",64
"school","bullying",64
"academy","registration",63
"automated","teller",63
"free","video",63
"health","academy",63
"incarcerated","loved",63
"machine","atm",63
"participating","public",63
"public","libraries",63
"report","plumbing",63
"sewage","overflow",63
"sidewalk","repairs",63
"teller","machine",63
"video","visitation",63
"visitation","service",63
"accident","involving",62
"alzheimer's","disease",62
"city","repaired",62
"condo","declaration",62
"disease","including",62
"hire","vehicle",62
"insurance","information",62
"living","arrangements",62
"medical","exam",62
"municipal","parking",62
"request","insurance",62
"school","medical",62
"term","care",62
"boiler","inspections",61
"building's","dob",61
"business","track",61
"cap","fitting",61
"dob","boiler",61
"installation","removal",61
"locking","unlocking",61
"relocation","locking",61
"removal","relocation",61
"seized","vehicle",61
"spray","cap",61
"surplus","auto",61
"vehicle","auctions",61
"bus","driver",60
"doctor","nurse",60
"immigration","effects",60
"loud","party",60
"selling","alcohol",60
"yellow","school",60
"car","wash",59
"commercial","car",59
"current","status",59
"email","claiming",59
"occupancy","tax",59
"request","garbage",59
"scam","email",59
"york","suny",59
"bicycle","safety",58
"fire","report",58
"group's","television",58
"human","rights",58
"media","group's",58
"nyc","media",58
"public","programs",58
"published","materials",58
"required","permit",58
"rights","public",58
"term","setting",58
"cashing","business",57
"check","cashing",57
"consumer","information",57
"lewd","act",57
"official","directory",57
"tow","vehicles",57
"appointment","register",56
"drunk","driving",56
"examination","appointment",56
"industrial","properties",56
"limousine","black",56
"plan","examination",56
"plan","examiner",56
"police","seized",56
"request","consultation",56
"special","event",56
"adult","day",55
"biological","parents",55
"certified","lab",55
"cost","dna",55
"dna","testing",55
"families","move",55
"hazardous","material",55
"homeless","families",55
"permit","required",55
"roadway","sidewalk",55
"testing","provided",55
"collection","business",54
"free","crib",54
"apartments","legally",53
"cellar","apartments",53
"city's","laws",53
"cypress","hills",53
"emergency","events",53
"employment","agency",53
"hills","renovate",53
"homeless","shelters",53
"housing","discrimination",53
"resolve","disputes",53
"acid","laser",52
"age","55",52
"box","cutters",52
"bright","lights",52
"camp","day",52
"cutters","etching",52
"day","camp",52
"etching","acid",52
"gas","appliance",52
"inspect","motor",52
"inspection","information",52
"inspection","report",52
"laser","pointers",52
"law","requiring",52
"lot","shining",52
"motor","vehicles",52
"overnight","camp",52
"paint","tobacco",52
"pointers","spray",52
"rechargeable","batteries",52
"related","equipment",52
"report","bright",52
"selling","box",52
"store","selling",52
"summer","camp",52
"trash","collection",52
"aerial","vehicle",51
"amended","return",51
"basic","response",51
"bill","rate",51
"car","seat",51
"curb","cut",51
"disaster","preparedness",51
"drone","formally",51
"earned","income",51
"final","disposition",51
"free","car",51
"officer","similar",51
"official","court",51
"preventing","window",51
"public","officer",51
"rate","increases",51
"response","skills",51
"retaining","wall",51
"school","building",51
"seat","inspection",51
"tax","matters",51
"unmanned","aerial",51
"vehicle","uav",51
"window","falls",51
"19","outbreak",50
"animal","shelter",50
"health","patients",50
"impaired","seniors",50
"physically","impaired",50
"sauna","maintenance",50
"school","teacher",50
"sell","items",50
"training","required",50
"treatment","plans",50
"alarm","box",49
"bond","amount",49
"bus","lanes",49
"decals","posted",49
"driving","parking",49
"film","vehicles",49
"freelance","workers",49
"inmate's","bail",49
"licensed","plumber",49
"public","playgrounds",49
"report","signs",49
"vehicles","driving",49
"block","party",48
"bulging","cracked",48
"college","students",48
"cracked","defective",48
"job","assistance",48
"lead","poisoning",48
"provide","job",48
"care","preventative",47
"children","ages",47
"fair","parade",47
"health","screenings",47
"mammogram","prenatal",47
"party","street",47
"prenatal","care",47
"preventative","care",47
"report","sexual",47
"free","training",46
"handles","bankruptcy",46
"health","effects",46
"loan","programs",46
"repair","grant",46
"sanitation","speaker",46
"television","production",46
"water","backflow",46
"aids","counseling",45
"backflow","program",45
"business","requirements",45
"community","college",45
"counseling","testing",45
"cross","connection",45
"drain","underneath",45
"job","training",45
"maintenance","issue",45
"manage","stormwater",45
"program","designed",45
"rain","garden",45
"reduce","regulatory",45
"regulatory","burdens",45
"sidewalks","report",45
"stormwater","runoff",45
"train","service",45
"training","program",45
"treatment","services",45
"woman","owned",45
"educational","programs",44
"electronic","equipment",44
"fast","food",44
"federal","tax",44
"food","employers",44
"head","start",44
"health","clinics",44
"infant","child",44
"offer","predictable",44
"requiring","retail",44
"tax","information",44
"adult","families",43
"annual","boiler",43
"artist","license",43
"boiler","inspection",43
"dcas","managed",43
"managed","building",43
"request","rental",43
"school","services",43
"violation","issued",43
"8","landlords",42
"brooklyn","manhattan",42
"career","ladder",42
"certification","program",42
"current","nycha",42
"flammable","liquids",42
"ladder","program",42
"local","law",42
"nurse","career",42
"purchasing","city",42
"99","copies",41
"accepts","requests",41
"construction","sites",41
"damaged","sewer",41
"food","pantries",41
"island","railway",41
"line","repair",41
"literature","item",41
"local","emergencies",41
"pantries","serve",41
"payment","policy",41
"public","tennis",41
"sanitation","literature",41
"school","programs",41
"sends","messages",41
"serve","people",41
"service","line",41
"sewer","service",41
"summer","school",41
"tennis","court",41
"affairs","license",40
"affect","residential",40
"bugs","safely",40
"health","commissioner's",40
"highway","speed",40
"laws","rules",40
"nyc","health",40
"organized","crime",40
"recent","laws",40
"report","organized",40
"safely","including",40
"safety","issue",40
"sell","taxable",40
"speed","limits",40
"tangible","personal",40
"taxable","services",40
"taxable","tangible",40
"building","facility",39
"government","employee",39
"licensed","money",39
"minors","overcrowded",39
"money","transmitter",39
"official","building",39
"public","official",39
"transmitter","business",39
"vehicle","permit",39
"city","parks",38
"commercial","vehicles",38
"gynecology","services",38
"intoxicated","person",38
"parking","commercial",38
"residential","streets",38
"broadcast","television",37
"channel","rescan",37
"escalator","codes",37
"federal","government",37
"government","jobs",37
"including","civil",37
"jobs","including",37
"television","channel",37
"11","2001",36
"access","cover",36
"air","pollution",36
"exploit","immigrants",36
"financial","compensation",36
"fraudulent","schemes",36
"licensing","permits",36
"noisy","utility",36
"operating","guidelines",36
"physical","health",36
"protest","permit",36
"rental","agency",36
"report","individuals",36
"september","11",36
"terrorist","attack",36
"tissue","donor",36
"utility","access",36
"boiler","permits",35
"building","excavation",35
"city's","gardening",35
"current","inmates",35
"discharge","papers",35
"excavate","property",35
"gardening","program",35
"income","homeowners",35
"jail","release",35
"nearby","building",35
"noisy","manhole",35
"request","jail",35
"required","boiler",35
"account","issue",34
"avoid","internet",34
"awning","permits",34
"billboard","building",34
"car","rental",34
"derrick","operation",34
"distributing","flyers",34
"electronic","cigarette",34
"excel","academically",34
"including","vehicles",34
"individual","distributing",34
"internet","scams",34
"nyc311","service",34
"online","account",34
"permit","license",34
"poll","worker",34
"posting","signs",34
"property","including",34
"range","hood",34
"repair","shop",34
"suny","colleges",34
"track","nyc311",34
"administration","hra",33
"assistance","information",33
"billboard","poster",33
"fabric","sign",33
"flexible","fabric",33
"follow","permit",33
"food","establishment",33
"food","pantry",33
"hra","food",33
"including","women",33
"investigate","asbestos",33
"natural","disasters",33
"owned","minority",33
"permit","regulations",33
"recreational","facilities",33
"retail","stores",33
"sell","fresh",33
"soup","kitchen",33
"support","businesses",33
"workshops","assistance",33
"blocked","damaged",32
"child","missed",32
"chronic","diseases",32
"cost","health",32
"damaged","dangling",32
"dangling","missing",32
"diabetes","heart",32
"electronic","sign",32
"health","screening",32
"heart","disease",32
"highway","sign",32
"laundry","services",32
"overhead","electronic",32
"school","transportation",32
"barber","shop",31
"beach","maintenance",31
"beer","wine",31
"cooking","oil",31
"existing","permit",31
"film","video",31
"health","information",31
"job","placement",31
"license","tax",31
"medicare","fraud",31
"owned","parking",31
"parking","facility",31
"photography","permit",31
"red","lights",31
"retail","beer",31
"running","red",31
"supervised","living",31
"support","programs",31
"training","programs",31
"vehicles","running",31
"blood","pressure",30
"city","vehicle",30
"collect","laundry",30
"flavored","tobacco",30
"marriage","registration",30
"naturalization","citizenship",30
"official","documentation",30
"registration","certificate",30
"selling","flavored",30
"street","pole",30
"telecommunication","box",30
"collection","bin",29
"dry","cleaner",29
"dumping","clean",29
"littering","signs",29
"private","towing",29
"reduce","air",29
"towing","services",29
"abortion","counseling",28
"awning","canopy",28
"canopy","marquee",28
"cat","initiative",28
"community","cats",28
"design","construct",28
"electrical","wiring",28
"escalator","inspector",28
"evacuation","zones",28
"existing","bus",28
"feral","cat",28
"grade","slope",28
"green","infrastructure",28
"green","roofs",28
"ground","level",28
"infrastructure","practices",28
"initiative","nycfci",28
"install","electrical",28
"maintain","sustainable",28
"multiagency","effort",28
"nyc","feral",28
"playing","games",28
"property's","grade",28
"storm","enclosure",28
"sustainable","green",28
"alarm","range",27
"broken","damaged",27
"close","water",27
"damaged","dirty",27
"door","attached",27
"empowerednyc","program",27
"food","allergies",27
"hood","suppression",27
"installation","inspection",27
"multiple","dwellings",27
"pay","phone",27
"pedestrian","ramp",27
"protecting","customers",27
"report","vandalism",27
"sells","pawned",27
"sewer","pipes",27
"standpipe","installation",27
"vandalism","taking",27
"water","taps",27
"wet","connections",27
"abuse","registry",26
"animal","abuse",26
"batteries","report",26
"bicycle","shop",26
"bike","map",26
"child's","adoption",26
"city","bike",26
"concrete","barrier",26
"crash","cushion",26
"cushion","guard",26
"drug","plan",26
"guard","rail",26
"healthcare","provider",26
"location","added",26
"missing","crash",26
"mobile","food",26
"parking","cards",26
"prescription","drug",26
"public","auctions",26
"report","gunfire",26
"safe","construction",26
"sells","rechargeable",26
"shop","location",26
"treatment","plant",26
"united","nations",26
"acetylene","tank",25
"affairs","fine",25
"airline","safety",25
"authority","residents",25
"baby","healthy",25
"buildings","notice",25
"cemetery","monument",25
"city","university",25
"community","service",25
"defaced","unreadable",25
"department","clinic",25
"excelsior","scholarship",25
"free","tuition",25
"largest","park",25
"manhattan's","largest",25
"reducing","health",25
"repairs","electronic",25
"residential","properties",25
"rules","programs",25
"service","requirements",25
"traffic","safety",25
"york","cuny",25
"benefit","public",24
"botanical","gardens",24
"businesses","hire",24
"childhood","lead",24
"cigarette","regulations",24
"counterfeit","items",24
"foreclosure","process",24
"funeral","home",24
"health","instruction",24
"healthcare","decisions",24
"hire","qualified",24
"install","repair",24
"instruction","medical",24
"itemized","list",24
"lead","law",24
"lead","prevention",24
"paint","repair",24
"poisoning","lead",24
"poisoning","prevention",24
"prevention","act",24
"qualified","workers",24
"rem","foreclosure",24
"repair","plug",24
"report","stores",24
"report","suspected",24
"selling","counterfeit",24
"sewer","connection",24
"sex","offender",24
"suspected","terrorist",24
"terrorist","activity",24
"tobacco","laws",24
"unhealthy","condition",24
"11","98",23
"98","facade",23
"advice","loan",23
"agency","fema",23
"automobile","business",23
"bring","items",23
"building","facade",23
"buildings","id",23
"city","council",23
"emergency","management",23
"facade","inspections",23
"facade","safety",23
"federal","emergency",23
"fema","id",23
"iphone","ipad",23
"law","11",23
"learning","disabilities",23
"loan","referrals",23
"management","advice",23
"nyc311","mobile",23
"office","buildings",23
"opiate","overdose",23
"paint","odor",23
"penalized","department",23
"preventing","opiate",23
"recruiting","transporting",23
"reducing","unwanted",23
"report","spray",23
"required","building",23
"safety","program",23
"transporting","selling",23
"unwanted","mail",23
"workers","compensation",23
"bathroom","requirements",22
"care","options",22
"construct","pipe",22
"demand","occupations",22
"education","training",22
"family","emergency",22
"install","locks",22
"leaking","plumbing",22
"nycha","resident",22
"pack","food",22
"pipe","scaffolding",22
"placement","assistance",22
"post","prices",22
"prepare","store",22
"process","prepare",22
"public","auction",22
"public","bathroom",22
"rape","incest",22
"request","education",22
"request","permission",22
"request","social",22
"residential","driveway",22
"sold","directly",22
"written","translation",22
"27","2020",21
"alcohol","file",21
"appointment","online",21
"automatic","public",21
"broadband","services",21
"bronx","brooklyn",21
"city","comptroller",21
"city","hall",21
"cool","roof",21
"cool","roofs",21
"cost","cool",21
"county","names",21
"defective","speed",21
"electrician's","license",21
"eligible","building",21
"extinguisher","servicing",21
"fire","extinguisher",21
"free","cribs",21
"home","renovations",21
"home","visits",21
"horse","drawn",21
"improve","access",21
"install","cool",21
"january","27",21
"loft","tenants",21
"manhattan","queens",21
"portable","fire",21
"public","toilets",21
"renovations","violations",21
"resolving","disputes",21
"roof","installation",21
"sell","alcohol",21
"truck","traffic",21
"unsafe","products",21
"violations","permits",21
"visit","city",21
"yorkers","living",21
"care","coordination",20
"category","complaint",20
"charity","organization",20
"city's","plan",20
"complaint","type",20
"crossing","guard",20
"due","returns",20
"eye","doctor",20
"factory","power",20
"file","past",20
"firearm","licenses",20
"free","swim",20
"industrial","facility",20
"inmates","leaving",20
"leaving","jail",20
"location","category",20
"nail","salon",20
"outstanding","tax",20
"owe","taxes",20
"past","due",20
"pay","outstanding",20
"people","traveling",20
"perform","structural",20
"power","plant",20
"public","pools",20
"sell","audio",20
"sell","electronic",20
"structural","welding",20
"swim","programs",20
"tax","amounts",20
"wastewater","treatment",20
"admissions","processes",19
"alert","devices",19
"authorized","parking",19
"banking","corporation",19
"benchmarking","law",19
"body","camera",19
"camera","footage",19
"certificate","verification",19
"city","benchmarking",19
"city","hotels",19
"city","residents",19
"coastal","storm",19
"collect","personal",19
"corporation","tax",19
"cuny","admissions",19
"diabetes","developed",19
"diabetes","including",19
"fasttrac","growthventure",19
"helps","business",19
"hotels","restaurants",19
"household","debts",19
"including","diabetes",19
"jail","inmate",19
"landmark","buildings",19
"lanes","designated",19
"law","84",19
"medical","alert",19
"medical","record",19
"multiple","people",19
"nypd","police",19
"owned","public",19
"owners","develop",19
"parking","space",19
"passenger","vehicles",19
"pawn","shop",19
"plaza","privately",19
"pocket","park",19
"poison","ivy",19
"poorly","maintained",19
"posted","hours",19
"provide","recommendations",19
"public","plaza",19
"repair","electronic",19
"report","poison",19
"restaurants","attractions",19
"school","property",19
"smoke","free",19
"space","pops",19
"stop","report",19
"storm","evacuation",19
"tax","bct",19
"traffic","lanes",19
"voluntary","survey",19
"agencies","government",18
"anti","sexual",18
"card","reader",18
"chronically","ill",18
"city","bills",18
"clinical","bulletin",18
"congestion","surcharge",18
"consular","officers",18
"damaged","pedestrian",18
"diplomats","consular",18
"disabled","children",18
"drinking","establishment",18
"dry","cleaning",18
"ebt","card",18
"fees","online",18
"government","officials",18
"harassment","training",18
"hire","vehicles",18
"international","businesses",18
"internship","programs",18
"medical","referrals",18
"meter","inspector",18
"nations","staff",18
"officers","united",18
"protection","dep",18
"referrals","health",18
"rented","space",18
"report","telemarketers",18
"request","trash",18
"satellite","television",18
"sidewalk","eating",18
"sprinkler","system",18
"standpipe","system",18
"store's","ebt",18
"system","testing",18
"telemarketers","soliciting",18
"television","provider",18
"text","messages",18
"child's","school",17
"conditions","operating",17
"corps","program",17
"credit","terms",17
"defective","metal",17
"detention","programs",17
"employee","training",17
"federal","job",17
"fresh","produce",17
"golf","courses",17
"heating","oil",17
"helps","unemployed",17
"home","heating",17
"illegal","credit",17
"imposes","illegal",17
"improper","contract",17
"job","corps",17
"juvenile","detention",17
"licensed","electrician",17
"maintain","city",17
"metal","sidewalk",17
"ny","program",17
"nyc","residents",17
"oil","business",17
"oil","dispensed",17
"parent","coordinator",17
"park","building",17
"park","playground",17
"pay","checks",17
"permit","violating",17
"personalized","street",17
"pet","store",17
"petting","zoo",17
"public","golf",17
"recalled","food",17
"refunds","exchanges",17
"report","issues",17
"sidewalk","grating",17
"terms","issues",17
"tree","beds",17
"unhealthy","animal",17
"unlocked","park",17
"violating","city",17
"yard","waste",17
"automated","external",16
"bisexual","transgender",16
"cats","dogs",16
"city","flags",16
"city","landmarks",16
"city","taxes",16
"clearance","certificate",16
"disturbs","asbestos",16
"external","defibrillator",16
"fema","notification",16
"flood","insurance",16
"frozen","fruit",16
"gay","bisexual",16
"gifted","students",16
"government","construction",16
"groom","pets",16
"health","bulletin",16
"health","library's",16
"health","risks",16
"historic","sites",16
"houses","cats",16
"including","requirements",16
"insurance","including",16
"landmark","building",16
"lesbian","gay",16
"library's","collection",16
"military","draft",16
"notification","letters",16
"notification","required",16
"nyc","condoms",16
"paid","city",16
"pet","shop",16
"policy","rate",16
"request","nyc",16
"requirements","policy",16
"retail","store",16
"secondhand","smoke",16
"sell","newspapers",16
"sells","grooms",16
"snap","benefits",16
"utility","services",16
"agreement","negotiated",15
"air","act",15
"apprenticeship","program",15
"bed","bug",15
"broken","bike",15
"cardiopulmonary","resuscitation",15
"claim","tax",15
"cuny","college",15
"debris","oil",15
"dwellings","request",15
"floating","debris",15
"flow","test",15
"free","blood",15
"free","class",15
"free","nurse",15
"gasoline","sewage",15
"home","visit",15
"hydrant","flow",15
"illegal","receipt",15
"improve","mental",15
"line","cook",15
"notario","publico",15
"nurse","home",15
"offer","services",15
"oil","gasoline",15
"paid","apprenticeship",15
"parenting","education",15
"pedestrian","bridges",15
"pilot","program",15
"pregnant","teen",15
"pressure","health",15
"pressure","testing",15
"provide","written",15
"public","hearings",15
"radiological","emergency",15
"report","floating",15
"restaurant","business",15
"services","citywide",15
"shots","required",15
"smoking","rules",15
"tax","returns",15
"time","pregnant",15
"trade","center",15
"tutor","mentor",15
"unusual","color",15
"world","trade",15
"write","english",15
"yorkers","complete",15
"alternate","programs",14
"animal","facility",14
"bicycle","helmet",14
"bluebelt","maintenance",14
"boarding","facility",14
"bulletins","guides",14
"center","health",14
"cleaning","business",14
"cleanup","program",14
"collection","agencies",14
"commercial","driving",14
"dance","music",14
"dessert","machine",14
"disclosure","law",14
"disposal","rules",14
"eating","healthy",14
"existing","shelter",14
"facility","petting",14
"free","bicycle",14
"frozen","dessert",14
"groomer","horse",14
"health","program",14
"hold","dance",14
"horse","stable",14
"improvement","contractors",14
"individuals","parents",14
"island","bluebelt",14
"island","tramway",14
"kennel","groomer",14
"lgbtq","individuals",14
"managing","debt",14
"metal","barricade",14
"metal","detector",14
"military","discharge",14
"nearby","residential",14
"overflowing","roof",14
"police","sawhorse",14
"policy","disclosure",14
"public","beach",14
"questioning","lgbtq",14
"report","visible",14
"roof","tank",14
"roosevelt","island",14
"sawhorse","cement",14
"separation","documents",14
"shelter","kennel",14
"shelter","relocation",14
"smell","directly",14
"stable","boarding",14
"theater","performances",14
"unpermitted","animal",14
"visible","exhaust",14
"yorkers","start",14
"50","forms",13
"911","surcharges",13
"abandoned","properties",13
"abuse","crime",13
"advertising","abandoned",13
"approved","upk",13
"attend","public",13
"bad","condition",13
"bad","smell",13
"bid","including",13
"broken","steel",13
"business","improvement",13
"certification","inspections",13
"cleaner","form",13
"compensation","fraud",13
"compliance","e.o",13
"defective","red",13
"districts","bid",13
"doe","approved",13
"e.o","50",13
"eeo","compliance",13
"electric","vehicles",13
"emergency","transfer",13
"expectant","fathers",13
"fair","wages",13
"ferry","terminals",13
"forms","report",13
"governors","island",13
"hiv","prevention",13
"illegal","denial",13
"improvement","districts",13
"information","services",13
"inspects","locks",13
"installs","services",13
"internet","protocol",13
"learning","opportunities",13
"licensed","businesses",13
"light","camera",13
"list","advertising",13
"nycha","emergency",13
"plant","sewage",13
"prevention","prep",13
"protocol","voip",13
"pumping","station",13
"registry","including",13
"repairs","installs",13
"report","workers",13
"residents","convicted",13
"safety","agent",13
"school","safety",13
"sewage","treatment",13
"sexual","abuse",13
"shifted","missing",13
"similar","devices",13
"specific","intersection",13
"specific","parks",13
"steel","plate",13
"streets","parks",13
"subways","streets",13
"summer","learning",13
"tax","incentives",13
"telecommunications","services",13
"transfer","information",13
"upk","provider",13
"violence","sexual",13
"voip","telecommunications",13
"wireless","landline",13
"women","expectant",13
"york","harbor",13
"agency","study",12
"basin","installation",12
"bent","broken",12
"blood","lead",12
"buildings","dob",12
"cellar","door",12
"college","level",12
"construction","superintendent",12
"council","reports",12
"counterfeit","united",12
"damaged","bent",12
"disposal","system",12
"distressed","multiple",12
"dob","document",12
"dot","forms",12
"drawn","cab",12
"false","information",12
"fix","maintenance",12
"forms","guides",12
"friend","living",12
"government","topic",12
"including","city",12
"lead","tests",12
"legal","requirements",12
"offers","cash",12
"people","previously",12
"permanent","housing",12
"police","precinct",12
"public","citybench",12
"report","counterfeit",12
"report","sidewalk",12
"sewage","disposal",12
"sidewalk","cellar",12
"site","sewage",12
"system","septic",12
"topic","including",12
"unprotected","damaged",12
"action","process",11
"asbestos","investigator",11
"attorney","submitting",11
"business","employees",11
"business","practices",11
"certified","asbestos",11
"childhood","including",11
"city's","foam",11
"confidential","discharge",11
"critical","business",11
"cyber","activity",11
"deferred","action",11
"discharge","planning",11
"enter","restricted",11
"fight","parking",11
"financial","fraud",11
"foam","ban",11
"foam","products",11
"food","vendor",11
"free","app",11
"grocery","store",11
"id","cards",11
"interim","lease",11
"invasive","plant",11
"lease","program",11
"legal","service",11
"legionnaires","disease",11
"maintenance","complaint",11
"malicious","cyber",11
"medical","facilities",11
"mobile","devices",11
"planning","services",11
"plant","species",11
"program","til",11
"received","mental",11
"records","request",11
"released","inmate",11
"report","invasive",11
"selling","single",11
"service","referrals",11
"shop","license",11
"store","owners",11
"tenant","interim",11
"til","building",11
"tobacco","hookah",11
"vehicle","owners",11
"vital","records",11
"water","hardness",11
"action","centers",10
"actual","service",10
"address","health",10
"advanced","english",10
"advise","tenants",10
"agency","epa",10
"annual","report",10
"assembly","permit",10
"assign","distribute",10
"backup","event",10
"bail","bond",10
"births","deaths",10
"bond","agent",10
"bottle","refill",10
"bug","annual",10
"building","management",10
"chancellor's","regulations",10
"city","streets",10
"clinical","skills",10
"compensation","resources",10
"conserve","water",10
"cooling","tower",10
"deliver","process",10
"director","test",10
"district","snad",10
"duplicate","receipt",10
"education","policies",10
"english","language",10
"epa","research",10
"feature","change",10
"food","business",10
"gas","leak",10
"health","action",10
"health","disparities",10
"housing","incentive",10
"illegal","business",10
"illegal","gun",10
"incentive","program",10
"including","bed",10
"language","learners",10
"legal","installation",10
"maintenance","resources",10
"medical","assistants",10
"medical","device",10
"mental","illness",10
"natural","feature",10
"neighborhood","health",10
"private","elevator",10
"protection","agency",10
"providing","quality",10
"quality","drinking",10
"quarter","housing",10
"recent","sewage",10
"refill","stations",10
"register","births",10
"report","filing",10
"research","programs",10
"resources","including",10
"sewage","backup",10
"special","natural",10
"stations","providing",10
"substance","misuse",10
"taxi","ride",10
"teaches","language",10
"tree","removal",10
"veterans","housing",10
"wide","range",10
"accept","cash",9
"affairs","speaker",9
"bike","share",9
"birth","control",9
"broken","sprinkler",9
"budget","learn",9
"child","enrolled",9
"city's","budget",9
"clearing","operations",9
"cooking","demonstrations",9
"dockless","bike",9
"drawn","carriage",9
"education","workshops",9
"existing","parking",9
"flood","zone",9
"foster","child",9
"free","nutrition",9
"gather","indoors",9
"health","inspection",9
"helps","women",9
"hurricane","preparation",9
"middle","east",9
"nutrition","education",9
"participatory","budgeting",9
"permitted","hours",9
"programs","resources",9
"select","farmers",9
"share","pilot",9
"sidewalk","stairway",9
"snow","clearing",9
"snowy","roadway",9
"specific","properties",9
"specific","public",9
"start","operate",9
"street","levels",9
"suck","blood",9
"tour","guide",9
"water","taxi",9
"women","start",9
"york","water",9
"zone","designations",9
"abuser","court",8
"accept","snap",8
"adequate","rat",8
"adopted","basket",8
"air","conditioned",8
"basket","request",8
"bottled","water",8
"budget","cuts",8
"building","demolitions",8
"business","portal",8
"care","expenses",8
"carriage","driver",8
"chance","license",8
"child","pornography",8
"child","support",8
"children","3",8
"city","budget",8
"city","employee's",8
"clean","needle",8
"construction","professionals",8
"cooling","center",8
"custodial","parents",8
"dangerously","hot",8
"demand","training",8
"education","school",8
"ellis","island",8
"employee's","potential",8
"ethics","violation",8
"explosive","material",8
"farm","prescriptions",8
"free","job",8
"half","staff",8
"helps","immigrant",8
"hookah","products",8
"household","incomes",8
"hurricane","sandy",8
"immigrant","nurses",8
"individual","training",8
"keeping","honeybees",8
"leadership","skills",8
"licensing","exam",8
"maintenance","plans",8
"material","displayed",8
"missing","sign",8
"mobile","fruit",8
"needle","access",8
"network","leadership",8
"nurse","licensing",8
"nurses","prepare",8
"nyc","tax",8
"obscene","sexual",8
"occupancy","bathroom",8
"offers","free",8
"owe","child",8
"parent","associations",8
"perform","plumbing",8
"plain","bottled",8
"potential","ethics",8
"prescriptions","program",8
"public","location",8
"rat","extermination",8
"receive","snap",8
"recyclables","materials",8
"registration","testing",8
"report","child",8
"report","obscene",8
"report","theft",8
"report","unsafe",8
"required","maintenance",8
"requiring","employers",8
"safe","lead",8
"safety","director",8
"school","closures",8
"school","textbooks",8
"school","youth",8
"sell","wholesale",8
"selling","tickets",8
"service","programs",8
"sexual","material",8
"sidewalk","sheds",8
"single","occupancy",8
"site","fire",8
"supportive","network",8
"tax","preparer",8
"tested","vaccinated",8
"tourist","information",8
"tower","registration",8
"training","grants",8
"trapping","pigeons",8
"tuition","registration",8
"unsafe","storage",8
"vegetable","cart",8
"volunteer","organizations",8
"wholesale","foods",8
"assistance","specifically",7
"auxiliary","officer",7
"bathing","beach",7
"boiler","engineer's",7
"born","jobseekers",7
"breast","examinations",7
"cannabidiol","cbd",7
"capital","infrastructure",7
"city","children",7
"city","properties",7
"clinics","offering",7
"commuter","benefits",7
"control","equipment",7
"corporation","nycedc",7
"cost","financing",7
"demolition","sites",7
"development","corporation",7
"economic","development",7
"education","document",7
"energy","efficient",7
"engineer's","license",7
"financing","options",7
"finding","public",7
"fire","coverage",7
"fitness","classes",7
"foreign","born",7
"foreign","insurance",7
"free","fitness",7
"graduation","requirements",7
"infrastructure","construction",7
"install","equipment",7
"insurance","companies",7
"legal","clinic",7
"licensed","private",7
"limited","vision",7
"mechanical","sprinkler",7
"merchant","charging",7
"mounted","auxiliary",7
"offering","mammograms",7
"operator","certificate",7
"oral","interpretation",7
"overflowing","public",7
"owned","buildings",7
"parks","mounted",7
"paying","passengers",7
"permit","posted",7
"pollution","control",7
"pool","operator",7
"portable","boiler",7
"pregnancy","test",7
"projects","managed",7
"provide","commuter",7
"provide","fire",7
"public","recycling",7
"public","spaces",7
"publicly","owned",7
"recycling","bin",7
"report","traffic",7
"request","educational",7
"required","signs",7
"save","money",7
"sell","electronics",7
"sightseeing","vehicle",7
"sites","demolition",7
"staying","fit",7
"time","job",7
"traffic","patterns",7
"training","courses",7
"training","finding",7
"water","efficiency",7
"wrong","amount",7
"2","feet",6
"3","units",6
"7","pm",6
"accept","reports",6
"act","form",6
"agency","performance",6
"alternative","paths",6
"asl","direct",6
"asl","users",6
"business","development",6
"business","pathways",6
"business","suffering",6
"calling","system",6
"city","highway",6
"city's","direct",6
"coast","guard",6
"collapsed","sidewalk",6
"community","services",6
"direct","video",6
"encourages","delivery",6
"environmental","compliance",6
"environmental","regulations",6
"equipment","requirements",6
"equivalency","diploma",6
"fireworks","displays",6
"free","services",6
"granting","authority",6
"green","business",6
"handled","discipline",6
"helps","16",6
"housing","sponsored",6
"immigrant","business",6
"immigrants","youth",6
"including","incentives",6
"inmate's","student",6
"insurance","options",6
"larger","rental",6
"left","puerto",6
"legal","fireworks",6
"machine","ballot",6
"meeting","environmental",6
"mentoring","services",6
"multifamily","3",6
"multifamily","buildings",6
"multiple","languages",6
"olds","graduate",6
"operate","pedicabs",6
"pigeon","droppings",6
"poll","site",6
"positive","feedback",6
"potential","health",6
"private","events",6
"professional","services",6
"public","assembly",6
"recent","earthquakes",6
"regulations","including",6
"rental","buildings",6
"request","enrollment",6
"rikers","island",6
"risk","students",6
"school","equivalency",6
"school","staff",6
"seniors","immigrants",6
"seniors","learn",6
"service","dog",6
"services","standard",6
"sidewalk","valve",6
"site","voting",6
"specific","neighborhoods",6
"staff","handled",6
"standard","services",6
"substantial","rehabilitation",6
"suffering","physically",6
"technology","sector",6
"valve","covers",6
"video","calling",6
"voting","machine",6
"accelerator","program",5
"administrative","services",5
"analysis","critical",5
"application","information",5
"application","procedures",5
"bug","prevention",5
"building","code",5
"certification","including",5
"change","phone",5
"cigarette","packages",5
"city","building",5
"city","rent",5
"citywide","administrative",5
"claim","money",5
"clean","heat",5
"climate","change",5
"college","tuition",5
"control","brochure",5
"control","coalition",5
"correction","officer",5
"critical","control",5
"daily","newspaper",5
"dangerous","health",5
"debts","owed",5
"device","designed",5
"ease","travel",5
"efficiency","improvements",5
"electronic","shop",5
"excessive","drinking",5
"fire","suppression",5
"government","spending",5
"grade","level",5
"guidelines","board",5
"gun","control",5
"hazard","analysis",5
"health","research",5
"heat","program",5
"helps","protect",5
"housing","reports",5
"hrtp","internship",5
"illegal","ticket",5
"illegally","parked",5
"immigration","services",5
"including","insurance",5
"insurance","requirements",5
"internship","program",5
"interstate","bus",5
"island","yankees",5
"live","safely",5
"loft","law",5
"manager","certification",5
"mayor's","participation",5
"national","gun",5
"neighborhood","projects",5
"newspaper","published",5
"nyc","clean",5
"nyc","retrofit",5
"nycha","food",5
"paid","phone",5
"paint","repairs",5
"parked","cars",5
"pathways","program",5
"people","moving",5
"phone","card",5
"phone","carriers",5
"police","academy",5
"pre","paid",5
"pre","tax",5
"production","jobs",5
"program","fbp",5
"program","hrtp",5
"quality","soil",5
"recovery","programs",5
"rent","guidelines",5
"rent","repair",5
"request","relief",5
"research","training",5
"retrofit","accelerator",5
"safety","manager",5
"sandy","recovery",5
"schedule","ticket",5
"school","juniors",5
"scrap","metal",5
"sell","rent",5
"set","deliberately",5
"snow","shoveling",5
"stadium","tour",5
"stamp","cigarette",5
"structure","affecting",5
"students","advance",5
"tailed","deer",5
"ticket","sale",5
"tour","information",5
"tourette","syndrome",5
"train","project",5
"trained","guard",5
"treatable","health",5
"trust","fund",5
"tuition","pre",5
"video","production",5
"wheel","locks",5
"white","tailed",5
"york","yankees",5
"youth","police",5
NA,NA,5
"active","military",4
"air","contaminants",4
"apprenticeship","offered",4
"aptitude","exam",4
"asbestos","exposure",4
"assisted","multifamily",4
"auxiliary","police",4
"avenue","subway",4
"balancing","scooter",4
"based","community",4
"behavioral","health",4
"bicycle","lane",4
"bike","access",4
"bill","credit",4
"boiler","operator",4
"bonds","filed",4
"build","alter",4
"buildings","law",4
"buildings","report",4
"business","education",4
"certifies","socially",4
"charity","committing",4
"children","youth",4
"city","marshals",4
"city","organizations",4
"city","public",4
"city's","green",4
"cleaning","equipment",4
"cleanyc","sidewalk",4
"club","gym",4
"commercial","office",4
"committing","fraud",4
"community","center",4
"community","norc",4
"confidential","security",4
"contractor's","license",4
"cooling","systems",4
"correctional","facilities",4
"cultural","institutions",4
"cultural","organizations",4
"current","net",4
"defective","water",4
"department","applicants",4
"disadvantaged","business",4
"discharge","industrial",4
"dry","weather",4
"economically","disadvantaged",4
"education","councils",4
"education","program",4
"electrical","apprenticeship",4
"eligible","hpd",4
"employment","college",4
"estate","tax",4
"executive","business",4
"exercise","studio",4
"extreme","cold",4
"ferris","wheels",4
"foreign","government",4
"fraudulent","claim",4
"free","admission",4
"free","housing",4
"fuel","oil",4
"government","owned",4
"green","space",4
"green","spaces",4
"guide","notice",4
"harmful","household",4
"hdc","assisted",4
"health","club",4
"health","issues",4
"helps","participants",4
"historic","building",4
"history","checks",4
"household","products",4
"housing","information",4
"housing","rule",4
"industrial","waste",4
"information","guide",4
"legally","discharge",4
"library","card",4
"licensed","boiler",4
"local","neighborhood",4
"local","union",4
"main","sewer",4
"major","commercial",4
"map","sign",4
"media","entertainment",4
"medical","decisions",4
"micro","switch",4
"military","personnel",4
"million","dollars",4
"naturally","occurring",4
"net","worth",4
"nyc","cultural",4
"nycha's","pet",4
"occurring","retirement",4
"oil","tank",4
"operate","dry",4
"operate","equipment",4
"operator","engineer",4
"outfall","pipe",4
"owned","companies",4
"owned","properties",4
"participants","pass",4
"pedestrian","fence",4
"person","breaking",4
"pet","policy",4
"policy","report",4
"power","washing",4
"prepares","people",4
"private","water",4
"professional","engineer",4
"protecting","restoring",4
"public","data",4
"public","office",4
"public","sewers",4
"purchase","process",4
"radioactive","material",4
"real","estate",4
"recovery","experience",4
"reducing","floatables",4
"registered","architect",4
"remove","air",4
"remove","water",4
"report","office",4
"report","radioactive",4
"required","information",4
"retirement","community",4
"ridematching","services",4
"roller","coasters",4
"run","rides",4
"safe","handling",4
"sampling","station",4
"saving","money",4
"school","based",4
"school","transfer",4
"security","survey",4
"septic","tank",4
"service","establishment",4
"services","provided",4
"sewer","outfall",4
"ship","scrap",4
"shoveling","job",4
"sidewalk","power",4
"single","adults",4
"snap","food",4
"stamps","recipients",4
"statistics","related",4
"stay","warm",4
"stored","improperly",4
"street","bicycle",4
"stuff","program",4
"subway","construction",4
"suppression","contractor's",4
"sustaining","recovery",4
"sweet","smell",4
"task","force",4
"technology","firms",4
"trade","waste",4
"traffic","median",4
"transfer","process",4
"transportation","alternatives",4
"treatment","rules",4
"unnecessary","arrest",4
"visit","clients",4
"voluntary","smoke",4
"volunteer","fire",4
"warm","healthy",4
"washing","program",4
"waste","license",4
"water","fixtures",4
"water","flowing",4
"water","sampling",4
"waterway","learn",4
"winter","storms",4
"11","memorial",3
"14th","street",3
"311","application",3
"9","11",3
"access","careers",3
"adult","establishment",3
"agency","inspector",3
"ages","18",3
"allergy","poster",3
"application","programming",3
"art","photography",3
"based","businesses",3
"bike","parking",3
"bond","investors",3
"building's","rooftop",3
"business","sale",3
"business","services",3
"buy","compost",3
"cafeteria","kitchens",3
"care","plans",3
"cell","phones",3
"city","souvenirs",3
"city","spends",3
"classic","images",3
"cleanup","projects",3
"clinic","record",3
"coffee","roasters",3
"comptroller's","office",3
"construction","contracts",3
"consumer","guide",3
"consumer","rights",3
"cost","free",3
"counseling","remedial",3
"cultural","projects",3
"degree","program",3
"dental","clinic",3
"development","opportunities",3
"directory","listing",3
"displayed","restaurant",3
"door","salesperson",3
"drain","rainwater",3
"elevator","inspection",3
"emergency","information",3
"exempt","financing",3
"expedited","partner",3
"fast","track",3
"ferry","captain",3
"flame","permit",3
"follow","zoning",3
"food","service",3
"free","breakfast",3
"free","degree",3
"free","retaining",3
"free","sheltered",3
"government","building",3
"government","publications",3
"gum","disease",3
"health","dental",3
"healthcare","physician",3
"highway","construction",3
"hiring","rules",3
"hood","systems",3
"hookah","establishments",3
"immigration","service",3
"improperly","displayed",3
"income","graduating",3
"inspection","agency",3
"interface","api",3
"jewelry","appraisal",3
"licensed","welder",3
"lift","objects",3
"listing","minority",3
"local","police",3
"locally","based",3
"lot","owner",3
"low","voltage",3
"managed","care",3
"manufacturing","industrial",3
"medallion","sales",3
"medical","treatment",3
"mid","1980s",3
"minority","owned",3
"misleading","jewelry",3
"missing","incorrect",3
"mouth","healthy",3
"national","service",3
"neighborhood","cleanup",3
"nile","virus",3
"obligation","bond",3
"owned","woman",3
"partner","therapy",3
"pet","boarding",3
"photography","reading",3
"planter","larger",3
"police","precincts",3
"pre","qualified",3
"prevent","tooth",3
"private","solid",3
"private","streets",3
"probationer's","restitution",3
"professional","development",3
"profit","corporations",3
"programming","interface",3
"property","owner",3
"provide","pet",3
"quality","photos",3
"ray","machine",3
"reading","material",3
"remedial","instruction",3
"require","contractors",3
"reservoir","lands",3
"restaurant","allergy",3
"rooftop","systems",3
"safety","materials",3
"sanitation","cleans",3
"school","choice",3
"school","seniors",3
"seastreak","ferry",3
"secondhand","vehicles",3
"sell","pets",3
"selling","art",3
"sells","rents",3
"service","business",3
"sheltered","bike",3
"slowly","drain",3
"smoking","sign",3
"solid","waste",3
"spends","money",3
"stated","purpose",3
"tattoo","parlor",3
"tax","exempt",3
"taxi","medallion",3
"temporarily","store",3
"temporary","notice",3
"temporary","public",3
"tooth","decay",3
"track","cost",3
"traffic","restrictions",3
"transfer","station",3
"transfer","tickets",3
"treatment","plants",3
"treatment","received",3
"tree","service",3
"tutorial","services",3
"untreated","sewage",3
"upstate","reservoir",3
"vin","etching",3
"voltage","cabling",3
"wall","inspection",3
"warning","occupants",3
"warning","signs",3
"waste","transfer",3
"west","nile",3
"yellow","taxi",3
"yorkers","access",3
"zoning","regulations",3
"1","2",2
"2020","21",2
"21","annual",2
"6th","7th",2
"8th","graders",2
"accelerator","linac",2
"accessible","transportation",2
"action","plan",2
"advanced","manufacturing",2
"aging's","public",2
"air","conditioning",2
"air","eliminator",2
"amalgam","separator",2
"annual","plan",2
"appeal","land",2
"baby","brochure",2
"bacterial","disease",2
"based","development",2
"based","program",2
"beacon","programs",2
"bingo","games",2
"black","entrepreneurs",2
"booklet","listing",2
"building","operation",2
"buildings","complete",2
"bumper","sticker",2
"burning","equipment",2
"business","advertising",2
"called","check",2
"calorie","information",2
"calorie","posting",2
"cancer","prevention",2
"car","free",2
"card","monte",2
"carpet","business",2
"carpet","emission",2
"center","performance",2
"chain","stores",2
"check","loans",2
"checks","pay",2
"child","left",2
"child","proof",2
"choice","program",2
"city","community",2
"city","map",2
"city's","living",2
"city's","sewer",2
"college","credit",2
"colon","cancer",2
"commercial","clients",2
"commercial","cycling",2
"commercial","establishment",2
"community","based",2
"competitive","grant",2
"complete","energy",2
"con","game",2
"conditioning","complaints",2
"construction","laws",2
"council","meeting",2
"crash","barriers",2
"d68","virus",2
"dental","amalgam",2
"design","tailored",2
"development","organizations",2
"discharge","groundwater",2
"disclose","required",2
"display","calorie",2
"drinking","alcohol",2
"eap","director",2
"education","network",2
"efficiency","retrofits",2
"eliminator","devices",2
"emergency","action",2
"emission","limits",2
"emotional","health",2
"enterovirus","ev",2
"entrepreneurs","start",2
"equality","act",2
"equipment","acceptance",2
"ev","d68",2
"exit","overcrowding",2
"facilities","permits",2
"festival","event",2
"filing","representative",2
"financial","education",2
"financial","options",2
"flagship","park",2
"flea","market",2
"flu","prevention",2
"flu","shots",2
"food","sold",2
"free","streets",2
"fuel","truck",2
"gas","prices",2
"gracie","mansion",2
"grant","competition",2
"grow","thriving",2
"hansen's","disease",2
"health","topics",2
"helps","seniors",2
"hoisting","machine",2
"holiday","festival",2
"hosts","bingo",2
"improve","reading",2
"inaugural","activities",2
"including","flu",2
"including","schedule",2
"indoor","tanning",2
"install","refrigerator",2
"install","temporary",2
"interviews","training",2
"invasive","meningitis",2
"job","search",2
"joint","living",2
"knob","covers",2
"lacquers","varnishes",2
"laundry","facility",2
"license","renewals",2
"linear","accelerator",2
"listing","clinics",2
"living","wage",2
"locked","exit",2
"maintenance","staff",2
"manufacturing","business",2
"manufacturing","industries",2
"marriage","equality",2
"materials","storage",2
"measuring","devices",2
"medical","linear",2
"meeting","transcript",2
"meningitis","meningococcal",2
"meningococcal","disease",2
"mid","size",2
"mid","sized",2
"mini","guide",2
"mobile","vendors",2
"nasal","spray",2
"national","trends",2
"nature","centers",2
"nutritional","information",2
"nyc","law",2
"offer","reproductive",2
"offers","college",2
"operating","indoor",2
"organizations","cbdos",2
"overcrowding","lack",2
"owner's","family",2
"paints","lacquers",2
"palm","card",2
"parent","association",2
"payday","loans",2
"performance","summary",2
"permits","license",2
"pets","brochure",2
"phone","rules",2
"plan","eap",2
"poison","signs",2
"posting","requirements",2
"pregnancy","services",2
"prevention","including",2
"prevention","screening",2
"private","buildings",2
"programs","ssps",2
"proof","stove",2
"provide","required",2
"public","speaking",2
"questioning","youth",2
"rabies","protecting",2
"raccoon","roundworm",2
"radiation","therapy",2
"rat","poison",2
"rat","urine",2
"reading","writing",2
"refrigerator","equipment",2
"registered","filing",2
"repair","weighing",2
"report","failed",2
"report","sign",2
"report","snow",2
"request","testing",2
"required","sign",2
"requirements","information",2
"residential","rental",2
"respiratory","illness",2
"restaurant","chains",2
"restore","landmark",2
"resumes","interviews",2
"risk","factors",2
"roundworm","infection",2
"sale","involving",2
"scaffold","site",2
"screening","report",2
"search","resumes",2
"sell","tickets",2
"selling","merchandise",2
"seniors","write",2
"services","center",2
"services","initiative",2
"services","programs",2
"sewer","system",2
"sex","couple",2
"signs","posted",2
"site","emergency",2
"size","private",2
"sized","multifamily",2
"speaking","skills",2
"specific","site",2
"spray","vaccines",2
"ssps","operating",2
"starting","running",2
"storage","container",2
"store","closing",2
"stove","knob",2
"street","con",2
"streetlight","pole",2
"subsidized","projects",2
"summary","cards",2
"supports","apprentices",2
"surface","coatings",2
"syringe","service",2
"tailored","programs",2
"tanning","facilities",2
"tax","relief",2
"temporary","lighting",2
"tenant","screening",2
"term","property",2
"therapeutic","medical",2
"therapy","unit",2
"thriving","businesses",2
"ticket","information",2
"transportation","services",2
"truck","meters",2
"unregistered","1",2
"unsanitary","malfunctioning",2
"valid","licenses",2
"vendor","operating",2
"vendors","report",2
"video","games",2
"volunteer","based",2
"water","sprinkler",2
"15","week",1
"2","months",1
"accessory","sign",1
"account","program",1
"accumulated","mail",1
"add","chemicals",1
"address","disparities",1
"affordable","bank",1
"age","specific",1
"agencies","project",1
"ages","1",1
"amusement","ride",1
"amusement","rides",1
"animal","slaughterhouse",1
"application","process",1
"art","office",1
"assist","city",1
"audible","pedestrian",1
"backflow","preventers",1
"background","check",1
"baker's","oven",1
"bank","account",1
"baseball","leagues",1
"brightly","colored",1
"brooklyn","cyclones",1
"building's","drinking",1
"business","owned",1
"car","window",1
"cards","promoting",1
"carriage","drivers",1
"carry","items",1
"center","victims",1
"certification","class",1
"chain","restaurant",1
"check","program",1
"child","health",1
"child's","developmental",1
"childcare","business",1
"childcare","businesses",1
"choice","transfer",1
"city","contracts",1
"city","identify",1
"clean","ups",1
"coated","items",1
"commercial","purpose",1
"commercial","purposes",1
"community","clean",1
"company","license",1
"competition","ndrc",1
"conducting","environmental",1
"construction","fences",1
"consumer","protection",1
"consumer","tips",1
"cost","fitness",1
"cost","resources",1
"court","papers",1
"credit","unions",1
"creek","visitor",1
"cremates","deceased",1
"cultural","program",1
"cycling","requirements",1
"cycling","rules",1
"cyclones","including",1
"deceased","bodies",1
"deduct","voluntary",1
"defibrillator","aed",1
"describes","convenient",1
"detector","screenings",1
"developmental","milestones",1
"disabled","person's",1
"disaster","fraud",1
"disaster","resilience",1
"discharge","line",1
"discuss","education",1
"dna","samples",1
"domestic","workers",1
"driver","operating",1
"dry","painted",1
"drying","oven",1
"education","policy",1
"educational","options",1
"educational","services",1
"emotional","development",1
"employment","agencies",1
"energy","conservation",1
"enforces","court",1
"entertainment","field",1
"environmental","review",1
"equipment","installer",1
"event","sponsors",1
"event","street",1
"exhibit","exotic",1
"fake","guns",1
"federal","contracts",1
"films","produced",1
"finishing","products",1
"fitness","activities",1
"floor","finishing",1
"free","poster",1
"fuel","burning",1
"gap","service",1
"garden","initiatives",1
"grant","program",1
"hail","livery",1
"health","forms",1
"health","initiative",1
"heart","age",1
"heavy","traffic",1
"helps","offset",1
"historical","societies",1
"hiv","status",1
"holiday","shopping",1
"home","childcare",1
"household","supplies",1
"identify","remains",1
"impact","boys",1
"improve","safety",1
"including","nyc",1
"issues","summonses",1
"job","opportunities",1
"lacquered","varnished",1
"licensed","fire",1
"licensed","oil",1
"licensed","sign",1
"life","conditions",1
"livery","permit",1
"manhole","installations",1
"manual","providing",1
"maternity","leave",1
"mets","including",1
"middle","schools",1
"midtown","manhattan",1
"mounted","amusement",1
"movies","commercial",1
"national","center",1
"national","disaster",1
"newsrack","owners",1
"newtown","creek",1
"nycha","residents",1
"office","worker",1
"oil","burning",1
"operating","pedicabs",1
"owned","vehicles",1
"painted","lacquered",1
"palm","cards",1
"participating","banks",1
"pass","background",1
"pedestrian","signal",1
"person's","mailbox",1
"planning","conferences",1
"post","office",1
"post","warnings",1
"potability","certificate",1
"practice","safe",1
"pregnant","public",1
"processes","buys",1
"production","assistant",1
"products","safely",1
"profit","cultural",1
"project","sponsors",1
"promotes","stair",1
"promoting","nyc",1
"protection","tips",1
"provide","dna",1
"provide","seating",1
"provide","snow",1
"providing","guidelines",1
"public","middle",1
"purposes","science",1
"random","unannounced",1
"rebuild","fuel",1
"recent","hurricane",1
"reduced","amount",1
"register","terminations",1
"registration","forms",1
"regulations","report",1
"related","fraud",1
"removal","services",1
"report","hurricane",1
"report","quality",1
"reproductive","justice",1
"request","department",1
"requesting","money",1
"required","permits",1
"required","safety",1
"research","project",1
"resilience","competition",1
"responder","requirements",1
"retail","service",1
"runs","amusement",1
"safe","sex",1
"safety","regulations",1
"safety","training",1
"salvage","customers",1
"sandy","related",1
"sanitation","salvage",1
"scaffold","safety",1
"school","garden",1
"school","uniforms",1
"science","education",1
"seating","information",1
"secondhand","firearms",1
"sells","newspapers",1
"sells","secondhand",1
"sells","toy",1
"service","driver",1
"ships","scrap",1
"shoveling","assistance",1
"sign","hanger",1
"sign","violations",1
"smart","holiday",1
"smoked","food",1
"snow","procedures",1
"snow","removal",1
"snow","snowfall",1
"snowfall","snow",1
"social","emotional",1
"social","workers",1
"sodium","content",1
"specific","pamphlets",1
"sponsors","related",1
"station","discharge",1
"status","health",1
"stop","hiv",1
"street","event",1
"street","hail",1
"summer","jobs",1
"suppression","contractor",1
"surface","coated",1
"technical","manual",1
"teen","mental",1
"temporary","artwork",1
"temporary","housing",1
"ticket","seller",1
"tlc","street",1
"tow","business",1
"tow","trucks",1
"trade","organizations",1
"train","pets",1
"trained","responder",1
"transfer","tutoring",1
"truck","company",1
"truck","mounted",1
"unannounced","metal",1
"university","research",1
"unwanted","car",1
"visitor","center",1
"voluntary","payments",1
"water","potability",1
"water","supply",1
"waterfront","properties",1
"week","program",1
"window","washing",1
"york","health",1
"york","mets",1
"york","university",1
"youth","baseball",1
